{
  "main": {
    "name": "Pragnesh Rana",
    "description": "Data Scientist and AI Engineer with expertise in Gen-AI, RAG, LLMs, Deep Learning, and Multi-Agent Systems",
    "image": "profilepic.jpg",
    "bio": "I specialize in building AI-driven solutions, including multi-agent systems, retrieval-augmented generation (RAG), and fine-tuned LLMs. My expertise spans Gen-AI, cloud-native architectures, and AI-powered decision systems across multiple industries like Pharma, Auto, and Finance.",
    "contactmessage": "Reach out for AI-driven solutions, collaborations, or discussions on ML, RAG, and LLMs.",
    "email": "pragneshXXXXXX@gmail.com",
    "phone": "+91 XXXXXXXXXX",
    "github": "https://github.com/pragneshrana",
    "project": "https://github.com/pragneshrana",
    "address": {
      "street": "Random Steet",
      "city": "Bengaluru",
      "state": "Karnataka",
      "zip": "5600##"
    },
    "website": "https://www.linkedin.com/in/pragneshrana",
    "resumedownload": "https://raw.githubusercontent.com/pragneshrana/cv/main/PragneshCV.pdf",
    "social": [
      {
        "name": "linkedin",
        "url": "https://www.linkedin.com/in/pragneshrana",
        "className": "fa fa-linkedin"
      },
      {
        "name": "github",
        "url": "https://github.com/pragneshrana",
        "className": "fa fa-github"
      }
    ]
  },
  "resume": {
    "skillmessage": "Proficient in Gen-AI, Multi-Agent Systems, and AI-driven decision-making.",
    "education": [
      {
        "school": "IIT Madras",
        "degree": "MS by Research in Computational Mathematics & Mechanical",
        "graduated": "2021",
        "description": "Focused on Machine Learning, Numerical Methods, and AI-driven research. Developed regression-based clustering algorithms achieving 93% accuracy."
      },
      {
        "school": "GTU, Gujarat",
        "degree": "BE in Mechanical Engineering",
        "graduated": "2016",
        "description": "Studied mathematical modeling, computational techniques, and engineering applications."
      }
    ],
    "work": [
      {
        "company": "Birlasoft (CoE & Pharma)",
        "title": "Technical Lead - Data Scientist",
        "years": "May 2024 - Present",
        "description": "Developed AI-driven systems using Gen-AI, LLMs, RAG, and multi-agent architectures. Created Text2SQL bots, deployed Gen-AI algorithms for cancer identification, and optimized supply chain analytics."
      },
      {
        "company": "Epsilon (Auto & Retail)",
        "title": "Data Scientist 2",
        "years": "Aug 2021 - Apr 2024",
        "description": "Built recommendation systems, personalized marketing models, and AI-driven CSSR campaigns. Fine-tuned LLaMA models and implemented reinforcement learning for recommendation optimization."
      },
      {
        "company": "Elite Technocrats (Finance)",
        "title": "AI Developer",
        "years": "Apr 2021 - Aug 2021",
        "description": "Developed algorithmic trading models, stock trend prediction using ARIMA, and back-testing solutions for financial applications."
      }
    ],
    "skills": [
      { "name": "Python", "level": "95%" },
      { "name": "Gen-AI", "level": "90%" },
      { "name": "LLMs", "level": "85%" },
      { "name": "RAG", "level": "80%" },
      { "name": "ReactJS", "level": "70%" },
      { "name": "Docker & Kubernetes", "level": "75%" },
      { "name": "GCP & AWS", "level": "80%" }
    ]
  },
  "portfolio": {
    "projects": [
      {
        "title": "Fine-Tuning",
        "category": "Fine-tuned phi model",
        "image": "LLMFinetune.jpg",
        "url": "https://www.kaggle.com/code/pragneshrana/finetune-model"
      },
      {
        "title": "Data-driven Research",
        "category": "Data-driven framework for prediciton of ignition delay",
        "image": "IITM_research.jpg",
        "url": "https://github.com/Computational-Chemistry-and-Combustion/DataDrivenIDT"
      },
      {
        "title": "Automation Control via ML ",
        "category": "Vibration and Temperature predcition ",
        "image": "nishtha.png",
        "url": "https://github.com/pragneshrana/WorkSample/blob/main/AutomationControl.ipynb"
      },
      {
        "title": "Stock Price Prediction (ML+DL)",
        "category": "Stock price prediction",
        "image": "stock.jpg",
        "url": "https://github.com/pragneshrana/WorkSample/blob/main/ML_DL_Finance.ipynb"
      },
      {
        "title": "Microservice project (Python+React) ",
        "category": "Sample project of appication build using microservice",
        "image": "fullstack.jpg",
        "url": "https://github.com/ragneshrana/python-react-microservice"
      }
    ]
  }
}
